pí,蛙,colloquial,pfhàmhaam “蝉鸣”,,
pí,卑,same,,,
pí,悲,literary,,,
pí,碑,literary,,,
pi,庇,same,,,
pi,祉,same,,,
pi,备,literary,,,
pi,鼻,colloquial,,,
pi,臂,colloquial,,,
pi,被,colloquial,,,
pi,避,colloquial,,,
pi,陛,colloquial,,,
pǐ,比,same,,,
pǐ,裨,same,,,
pǐ,俾,literary,,,
pǐ,神,colloquial,arrow indicates correction/swap,,
phí,譬,colloquial,,,
phí,披,literary,,,
phí,丕,literary,,,
phi,屁,colloquial,,,
phì,鼻,colloquial,,,
phǐ,被,literary,,,
phǐ,鄙,literary,,,
phî,琵,literary,,,
phî,皮,literary,,,
phî,脾,literary,,,
phî,疲,literary,,,
mí,寐,colloquial,,,
mi,眉,colloquial,,,
mi,微,colloquial,,,
mi,昧,literary,,,
mi,未,literary,,,
mì,□,colloquial,mìciw (眼) 见福方“目睏”,,
mìmían,□,colloquial,□ (捉迷藏),,
mǐ,米,colloquial,,,
mǐ,美,colloquial,,,
mǐ,尾,literary,,,
mî,味,colloquial,,,
mî,眉,literary,,,
mî,微,literary,,,
fí,非,literary,,,
fí,飞,literary,,,
fí,妃,literary,,,
fĩ,毁,literary,,,
fî,肥,literary,,,
ti,猪,colloquial,,,
ti,得,colloquial,,,
ti,迟,colloquial,,,
ti,哋,colloquial,,,
ti,地,literary,,,
ti,在,colloquial,,,
tî,地,colloquial,,,
tî,箸,colloquial,,,
ní,□,colloquial,FP 1: 呢,,
ní,□,colloquial,FP,,
ni,□,colloquial,(童谣中的无意义音节),,
nì,□,colloquial,(你们)(复数),,
nǐ,你,colloquial,(汝),,
nǐ,女,same,,,
nî,二,colloquial,,,
nî,弥,literary,,,
li,来,colloquial,,,
li,梨,colloquial,,,
li,狸,colloquial,,,
li,厉,colloquial,,,
li,利,literary,,,
li,痢,literary,,,
lì,利,colloquial,,,
lì,理,same,,,
lì,里,same,,,
lì,李,same,,,
lì,吕,same,,,
lì,里,literary,,,
lì,闾,literary,,,
lî,痢,colloquial,,,
lî,梨,literary,,,
lî,狸,literary,,,
lî,离,literary,,,
cí,资,same,,,
cí,姿,same,,,
cí,支,same,,,
cí,之,same,,,
cí,朱,same,,,
cí,淄,same,,,
cí,脂,literary,,,
cí,咨,literary,,,
cí,知,literary,,,
ci,子,colloquial,hȏci (毫子) “一毛钱”,,
ci,答,same,,,
ci,志,same,,,
ci,寺,same,,,
ci,序,same,,,
ci,致,literary,,,
ci,至,literary,,,
ci,矢,colloquial,,,
ci,自,colloquial,,,
ci,智,colloquial,,,
ci,置,colloquial,,,
ci,治,colloquial,,,
ci,兹,colloquial,,,
ci,字,colloquial,,,
ci,祀,colloquial,,,
ci,箸,colloquial,,,
ci,住,colloquial,,,
ci,聚,colloquial,,,
cì,至,colloquial,,,
cǐ,□,colloquial,(这) 指 姊,,
cǐ,止,same,,,
cǐ,子,same,,,
cǐ,煮,same,,,
cǐ,旨,literary,,,
cǐ,纸,literary,,,
cǐ,只,literary,,,
cǐ,主,literary,,,
cî,字,colloquial,,,
cî,自,colloquial,,,
chí,痴,same,,,
chí,雌,literary,,,
chí,雏,literary,,,
chi,池,colloquial,,,
chi,厨,colloquial,,,
chi,初,colloquial,,,
chi,刺,same,,,
chi,次,literary,,,
chi,翅,literary,,,
chi,赐,literary,,,
chi,除,literary,,,
chi,处,literary,,,
chì,致,colloquial,,,
chì,□,colloquial,(看),,
chǐ,鼠,colloquial,,,
chǐ,始,same,,,
chǐ,如,same,,,
chǐ,柱,same,,,
chǐ,侈,literary,,,
chǐ,豕,literary,,,
chǐ,此,literary,,,
chǐ,耻,literary,,,
chǐ,齿,literary,,,
chǐ,似,literary,,,
chǐ,取,literary,,,
chî,翅,colloquial,,,
chî,雉,same,,,
chî,慈,same,,,
chî,迟,literary,,,
chî,池,literary,,,
chî,持,literary,,,
chî,辞,literary,,,
chî,嗣,literary,,,
chî,脐,literary,,,
chî,除,literary,,,
chî,厨,literary,,,
sí,梳,colloquial,,,
sí,疏,colloquial,,,
sí,尸,same,,,
sí,施,same,,,
sí,司,same,,,
sí,丝,same,,,
sí,思,same,,,
sí,书,same,,,
sí,输,same,,,
sí,师,literary,,,
sí,狮,literary,,,
sí,私,literary,,,
sí,斯,literary,,,
sí,诗,literary,,,
sí,舒,literary,,,
sí,胥,literary,,,
sí,须,literary,,,
si,时,colloquial,,,
si,是,colloquial,(系动词),,
si,庶,same,,,
si,恕,same,,,
si,示,literary,,,
si,视,literary,,,
si,四,literary,,,
si,肆,literary,,,
si,是,literary,,,
si,氏,literary,,,
si,士,literary,,,
si,事,literary,,,
si,市,literary,,,
si,竖,literary,,,
si,树,literary,,,
sì,四,colloquial,,,
sì,肆,colloquial,,,
sì,试,colloquial,,,
sǐ,死,same,,,
sǐ,史,same,,,
sǐ,暑,same,,,
sǐ,署,same,,,
sǐ,使,literary,,,
sǐ,鼠,literary,,,
sǐ,黍,literary,,,
sǐ,驶,literary,,,
sǐ,市,literary,,,
sî,示,colloquial,,,
sî,豉,colloquial,,,
sî,是,colloquial,〔用于 sisî（是是）中，意为“是的”〕,,
sî,匙,literary,,,
sî,时,literary,,,
sî,殊,literary,,,
kí,机,same,,,
kí,肌,same,,,
kí,几,same,,,
kí,棋,colloquial,,,
kí,居,colloquial,,,
kí,旗,colloquial,,,
kí,渠,colloquial,,,
kí,据,same,,,
kí,箕,same,,,
kí,拘,same,,,
kí,饥,colloquial,,,
kí,既,literary,,,
kí,寄,literary,,,
kí,妓,literary,,,
kí,记,literary,,,
kí,忌,literary,,,
kí,锯,literary,,,
kí,巨,literary,,,
kí,句,literary,,,
kí,惧,literary,,,
kì,□,colloquial,kìnàan (今天),,
kì,□,colloquial,kìnian (今年),,
kǐ,□,colloquial,sín'kǐ 身□ (怀孕),,
kǐ,举,same,,,
kǐ,矩,same,,,
kǐ,几,literary,,,
kî,忌,colloquial,,,
khí,欺,colloquial,,,
khí,拘,colloquial,,,
khí,驱,same,,,
khí,区,literary,,,
khi,期,colloquial,,,
khi,奇,colloquial,,,
khi,祈,colloquial,,,
khì,器,colloquial,,,
khì,戏,colloquial,,,
khǐ,起,colloquial,,,
khǐ,喜,colloquial,,,
khǐ,企,literary,,,
khî,祈,literary,,,
khî,奇,literary,,,
khî,其,literary,,,
khî,期,literary,,,
khî,渠,literary,,,
qí,□,colloquial,?aaqíqí “阿二” (二儿子的昵称),,
qi,疑,colloquial,,,
qi,如,colloquial,,,
qi,鱼,colloquial,,,
qi,义,same,,,
qi,二,literary,,,
qi,遇,literary,,,
qǐ,议,same,,,
qǐ,语,same,,,
qǐ,尔,literary,,,
qǐ,耳,literary,,,
qî,耳,colloquial,,,
qî,遇,colloquial,,,
qî,□,colloquial,?aaqíqî “阿二” (二儿子的昵称),,
qî,而,same,,,
qî,仪,literary,,,
qî,宜,literary,,,
qî,鱼,literary,,,
qî,儿,literary,,,
qî,疑,literary,,,
qî,如,literary,,,
qî,愚,literary,,,
ʔí,伊,same,(他/她/它/他们/她们/它们),,
ʔí,衣,same,,,
ʔí,依,same,,,
ʔí,医,same,,,
ʔí,於,same,,,
ʔí,于,literary,,,
ʔí,易,literary,,,
ʔí,鹭,literary,,,
ʔǐ,余,colloquial,,,
ʔǐ,馀,colloquial,,,
ʔǐ,易,colloquial,,,
ʔǐ,预,same,,,
ʔǐ,意,literary,,,
ʔǐ,愈,literary,,,
ʔi,意,colloquial,,,
ʔi,愈,colloquial,,,
ʔì,已,same,,,
ʔì,以,same,,,
ʔì,與,same,,,
ʔì,羽,same,,,
ʔì,椅,literary,,,
ʔì,雨,literary,,,
ʔî,夷,same,,,
ʔî,姨,same,,,
ʔî,榆,same,,,
ʔî,祈,literary,,,
ʔî,移,literary,,,
ʔî,异,literary,,,
ʔî,馀,literary,,,
ʔî,余,literary,,,
ʔî,逾,literary,,,
ʔî,儒,literary,,,
hí,墟,same,,,
hí,熙,same,,,
hí,虚,same,,,
hí,希,colloquial,,,
hí,稀,literary,,,
hí,欺,literary,,,
hi,气,literary,,,
hi,器,literary,,,
hi,弃,literary,,,
hi,戏,literary,,,
hi,去,literary,,,
hi,汽,literary,,,
pe,排,colloquial,,,
pe,牌,colloquial,,,
pê,败,colloquial,,,
phè,稗,colloquial,,,
mé,□,colloquial,FP,,
me,埋,colloquial,(走近),,
me,□,colloquial,FP,,
mě,买,colloquial,,,
mê,卖,colloquial,,,
té,低,colloquial,,,
te,提,colloquial,,,
te,题,colloquial,,,
te,第,colloquial,,,
tè,帝,colloquial,,,
tě,抵,colloquial,,,
tě,底,colloquial,,,
thè,替,colloquial,,,
thě,体,colloquial,,,
né,□,colloquial,FP,,
lé,□,colloquial,FP,,
le,犁,colloquial,,,
le,□,colloquial,FP,,
lě,礼,colloquial,,,
cé,斋,colloquial,□ FP,,
ce,齐,colloquial,□ FP,,
cè,祭,colloquial,,,
ché,妻,colloquial,,,
chè,砌,colloquial,,,
chè,□,colloquial,(花),,
sé,西,colloquial,,,
sè,细,colloquial,,,
sě,洗,colloquial,,,
sê,□,colloquial,(多) 见福方“価”,,
je,移,colloquial,,,
je,爷,colloquial,,,
jě,嘢,colloquial,(东西),,
jě,野,literary,,,
jê,耶,literary,,,
ke,街,colloquial,,,
ke,□,colloquial,kêkêke?ô (公鸡鸣啼声),,
ke,嘅,colloquial,(从属小品词) □ FP,,
kè,界,colloquial,,,
kě,解,colloquial,,,
kê,个,colloquial,□ kêkêke?ô (公鸡鸣啼声),,
khe,□,colloquial,laam khe'khe 蓝□□ (很蓝),,
khè,快,colloquial,,,
?é,挨,colloquial,□ 叹词,,
?é,□,colloquial,FP,,
?e,鞋,colloquial,□ FP,,
?ě,矮,colloquial,,,
?ě,□,colloquial,ci? (为什么),,
?ê,会,colloquial,(能够)，见福方“解”,,
hé,□,colloquial,qiawhêhé “摇呀摇” (用于摇篮曲),,
hê,蟹,colloquial,,,
pú,波,colloquial,púlèk “波碌” (柚子),,
pu,捕,same,,,
pu,步,same,,,
pu,布,same,,,
pu,部,literary,,,
pu,布,literary,,,
pǔ,补,literary,,,
phú,铺,colloquial,,,
phu,□,colloquial,(想; 认为),,
phu,扶,colloquial,,,
phu,铺,literary,,,
phǔ,普,same,,,
phǔ,甫,literary,,,
phû,蒲,same,,,
phû,菩,same,,,
mu,模,colloquial,,,
mu,募,same,,,
mu,慕,same,,,
mu,暮,same,,,
mu,务,literary,,,
mǔ,舞,colloquial,(跳舞; 耍弄玩具等),,
mû,模,colloquial,,,
mû,无,literary,,,
fú,肤,colloquial,,,
fú,呼,same,,,
fú,夫,same,,,
fú,敷,literary,,,
fu,狐,colloquial,,,
fu,胡,colloquial,,,
fu,湖,colloquial,,,
fu,壶,colloquial,,,
fu,□,colloquial,síawfufu “烧呼呼” (滚烫),,
fu,□,colloquial,fusin 福方 “菩蝇” (苍蝇),,
fǔ,妇,same,,,
fǔ,户,same,,,
fǔ,狐,literary,,,
fǔ,袴,colloquial,,,
fǔ,护,colloquial,,,
fǔ,度,colloquial,,,
fǔ,赴,colloquial,,,
fǔ,沪,colloquial,,,
fǔ,付,colloquial,,,
fǔ,腐,colloquial,,,
fǔ,父,colloquial,,,
fǔ,附,colloquial,,,
fǔ,富,colloquial,,,
fũ,苦,colloquial,,,
fũ,虎,same,,,
fũ,府,same,,,
fũ,斧,same,,,
fũ,釜,same,,,
fũ,抚,literary,,,
fũ,腐,colloquial,,,
fũ,傅,colloquial,,,
fũ,护,literary,,,
fũ,胡,colloquial,,,
fũ,狐,colloquial,,,
fũ,湖,colloquial,,,
fũ,壶,colloquial,,,
fũ,葫,colloquial,,,
fũ,扶,colloquial,,,
tú,都,same,,,
tu,度,literary,,,
tǔ,肚,colloquial,,,
tû,度,colloquial,,,
thu,图,colloquial,,,
thu,涂,colloquial,,,
thu,吐,literary,,,
thu,兔,literary,,,
thù,吐,colloquial,,,
thù,兔,colloquial,,,
thǔ,土,colloquial,,,
thû,徒,same,,,
thû,屠,same,,,
thû,图,literary,,,
nu,奴,colloquial,,,
nu,怒,literary,,,
nù,□,colloquial,kúkúnù “□□怒?”(恼怒),,
nû,奴,literary,,,
lu,□,colloquial,FP,,
lu,路,literary,,,
lu,露,literary,,,
lǔ,卤,same,,,
lǔ,旅,same,,,
lǔ,祖,same,,,
lû,露,colloquial,,,
lû,庐,literary,,,
cú,租,same,,,
cu,子,colloquial,lâawcu “老子” (父亲),,
cu,做,literary,,,
cǔ,子,colloquial,,,
cû,自,colloquial,,,
chú,粗,same,,,
chu,辞,colloquial,,,
chu,醋,literary,,,
chù,醋,colloquial,,,
chù,赐,colloquial,,,
chù,□,colloquial,?î'chù (意思、主意?),,
sú,师,colloquial,,,
sú,狮,colloquial,,,
sú,私,colloquial,,,
sú,舒,colloquial,,,
sú,苏,same,,,
sú,须,same,,,
su,事,colloquial,sukàan “事干” (事情),,
su,诉,literary,,,
su,数,literary,,,
sù,数,colloquial,,,
sû,士,colloquial,,,
sû,事,colloquial,,,
sû,似,colloquial,,,
kú,枯,colloquial,,,
kú,□,colloquial,kúkúnù “□□怒?” (恼怒，试比较粤方言“鼓”),,
kú,沽,same,,,
kú,辜,same,,,
kú,姑,same,,,
kú,孤,colloquial,,,
ku,糊,colloquial,,,
ku,固,same,,,
ku,故,literary,,,
ku,顾,literary,,,
ku,枯,literary,,,
kù,故,colloquial,,,
kù,顾,colloquial,,,
kǔ,久,colloquial,,,
kǔ,估,colloquial,,,
kǔ,古,same,,,
kǔ,鼓,same,,,
kǔ,股,same,,,
kû,旧,colloquial,,,
kû,舅,colloquial,,,
khù,袴,colloquial,,,
khǔ,苦,colloquial,,,
?ú,乌,colloquial,,,
?u,有,colloquial,,,
?ǔ,□,colloquial,“姬?”(巫婆),,
?û,有,colloquial,(但 ?u 更为常见),,
pó,煲,colloquial,(煮沸，烹调),,
pó,波,same,,,
pó,簸,same,,,
pó,坡,literary,,,
po,婆,colloquial,□ (球),,
po,播,literary,,,
pò,报,colloquial,,,
pò,播,colloquial,,,
pǒ,保,colloquial,,,
pǒ,宝,colloquial,,,
pǒ,颇,literary,,,
pho,袍,colloquial,,,
pho,破,literary,,,
phô,抱,colloquial,,,
phô,婆,literary,,,
mó,么,literary,,,
mó,魔,literary,,,
mó,摩,literary,,,
mo,毛,colloquial,,,
mo,冇,colloquial,(没有，无),,
mô,帽,colloquial,,,
mô,磨,literary,,,
wó,□,colloquial,FP 倭,,
wo,祸,literary,,,
wô,祸,colloquial,,,
wô,话,colloquial,□ FP,,
wô,和,literary,,,
wô,禾,literary,,,
tó,刀,colloquial,,,
tó,多,same,,,
to,驼,colloquial,,,
to,道,colloquial,,,
to,到,colloquial,,,
to,□,colloquial,(副词后缀),,
to,惰,literary,,,
tǒ,倒,colloquial,,,
tǒ,朵,same,,,
tǒ,躲,literary,,,
tô,道,colloquial,,,
tô,到,colloquial,□ tônàj (哪里),,
tho,佗,colloquial,,,
tho,驼,colloquial,,,
thǒ,讨,colloquial,(婚娶),,
thǒ,□,colloquial,(选取),,
thǒ,妥,same,,,
thô,佗,literary,,,
thô,驼,literary,,,
no,糯,colloquial,,,
nǒ,恼,colloquial,,,
nô,那,literary,,,
lo,罗,colloquial,,,
lo,劳,colloquial,,,
lo,牢,colloquial,,,
lo,螺,colloquial,,,
lò,蝲,colloquial,"khamlò ""蟾蜍""",,
lŏ,佬,colloquial,"sèlŏ ""细佬"" (弟弟)",,
lŏ,裸,same,,,
lô,□,colloquial,FP,,
lô,罗,literary,,,
lô,螺,literary,,,
co,坐,literary,,,
co,座,literary,,,
co,助,literary,,,
cò,做,colloquial,,,
cŏ,枣,colloquial,,,
cŏ,左,same,,,
cŏ,阻,same,,,
cô,座,colloquial,,,
cô,助,colloquial,,,
thó,磋,colloquial,,,
thó,初,same,l: 初 =,,
cho,锄,colloquial,,,
cho,剉,literary,,,
cho,锉,literary,,,
chò,剉,colloquial,,,
chò,锉,colloquial,,,
chò,错,colloquial,,,
chŏ,楚,same,,,
chô,锄,literary,,,
só,梳,literary,,,
só,蔬,literary,,,
só,疏,literary,,,
sŏ,嫂,colloquial,,,
sŏ,销,same,,,
sŏ,所,same,,,
sô,□,colloquial,sôqít (前天),,
jó,约,colloquial,"jómò? ""哟 咦"" (大约)",,
kó,糕,colloquial,,,
kó,哥,same,,,
kó,歌,same,,,
ko,个,literary,,,
kò,告,colloquial,,,
khŏ,可,same,,,
qo,鹅,colloquial,,,
qo,饿,literary,,,
qŏ,我,literary,,,
qô,饿,colloquial,,,
qô,俄,same,,,
?ó,澳,colloquial,"?ómuan ""澳门""",,
?o,河,colloquial,,,
?o,□,colloquial,(一),,
?o,□,colloquial,(叹词),,
?ô,□,colloquial,(叹词),,
?ô,□,colloquial,kêkéke?ô (公鸡鸣啼声),,
ho,豪,colloquial,,,
ho,贺,literary,,,
hŏ,好,colloquial,,,
hô,豪,colloquial,"hôci 毫子"" (-毛钱)",,
hô,贺,colloquial,,,
hô,河,literary,,,
hô,何,literary,,,
lá,□,colloquial,FP,,
la,□,colloquial,FP,,
pîa,避,colloquial,,,
phía,批,colloquial,,,
phía,披,colloquial,,,
tía,爹,colloquial,,,
tía,□,colloquial,(里面),,
thìa,剃,colloquial,,,
nia,□,colloquial,(女孩),,
lia,离,colloquial,,,
lia,里,colloquial,(衣服里面),,
lîa,例,colloquial,,,
cía,蔗,colloquial,"cíaláam (零食) ""蔗? 榄?""",,
cia,遮,same,,,
cia,嗟,same,,,
cia,这,literary,,,
cia,蔗,literary,,,
cia,借,literary,,,
cìa,谢,colloquial,,,
cìa,蔗,colloquial,,,
cĭa,者,same,,,
cĭa,姐,same,,,
cîa,谢,colloquial,,,
chía,车,same,,,
chia,斜,colloquial,,,
chia,邪,colloquial,,,
chĭa,扯,colloquial,,,
chĭa,且,literary,,,
chîa,刺,colloquial,,,
chîa,邪,literary,,,
sía,些,literary,,,
sia,匙,colloquial,,,
sia,赦,literary,,,
sia,射,literary,,,
sia,舍,literary,,,
sìa,舍,colloquial,,,
sìa,赦,colloquial,,,
sìa,世,colloquial,,,
sìa,势,colloquial,,,
sĭa,写,same,,,
sĭa,舍,same,,,
sĭa,社,same,,,
sîa,射,colloquial,,,
sîa,蛇,literary,,,
kía,鸡,colloquial,,,
kìa,寄,colloquial,,,
kìa,继,colloquial,,,
kìa,计,colloquial,,,
khia,骑,colloquial,,,
khìa,契,colloquial,,,
khîa,企,colloquial,,,
khîa,骑,colloquial,,,
qia,儿,colloquial,,,
qîa,蚁,colloquial,,,
qîa,外,colloquial,,,
qîa,艺,colloquial,,,
híu,靴,same,,,
pùa,播,colloquial,,,
pùa,布,colloquial,,,
pŭa,补,colloquial,,,
pûa,步,colloquial,,,
pûa,部,colloquial,,,
phua,扶,colloquial,,,
phùa,破,colloquial,,,
phùa,铺,colloquial,,,
múa,摩,colloquial,,,
mua,磨,colloquial,,,
mua,麻,colloquial,,,
mùa,□,colloquial,cúqmùa (女人),,
mŭa,□,colloquial,sŭqmŭa (昨天),,
wúa,□,colloquial,FP,,
wua,□,colloquial,FP,,
tua,□,colloquial,"tuacǔj ""大? 水? (祭祀时的焚化用纸)",,
tùa,戴,colloquial,,,
tùa,带,colloquial,,,
tŭa,大,colloquial,,,
thúa,拖,colloquial,,,
lúa,□,colloquial,FP,,
lua,骡,colloquial,,,
lua,□,colloquial,FP,,
lûa,赖,colloquial,,,
cùa,债,colloquial,,,
cŭa,纸,colloquial,,,
cŭa,主,colloquial,,,
chùa,次,colloquial,,,
chùa,□,colloquial,"(见福建方 ""厝"") (房子)",,
súa,沙,colloquial,,,
sua,蛇,colloquial,,,
kúa,瓜,colloquial,,,
kúa,戈,literary,,,
kua,过,literary,,,
kùa,过,colloquial,,,
kùa,句,colloquial,,,
kùa,卦,colloquial,,,
kŭa,果,same,,,
kŭa,果,literary,,,
kŭa,裹,literary,,,
khúa,夸,colloquial,,,
khúa,去,colloquial,,,
khúa,挂,colloquial,,,
qua,卧,literary,,,
qûa,瓦,colloquial,,,
qûa,午,colloquial,,,
qûa,讹,literary,,,
páa,爸,colloquial,,,
páa,巴,same,,,
paa,爬,colloquial,,,
paa,吧,literary,,,
paa,罢,literary,,,
păa,把,colloquial,,,
pâa,罢,colloquial,,,
pâa,□,colloquial,FP,,
pháa,拍,colloquial,,,
phaa,怕,literary,,,
phâa,琶,same,,,
phâa,爬,literary,,,
máa,妈,colloquial,,,
máa,吗,literary,,,
maa,麻,colloquial,,,
maa,□,colloquial,"maafúan ""麻番""(晚上)",,
maa,骂,literary,,,
màa,骂,colloquial,,,
măa,马,same,,,
măa,妈,same,,,
măa,码,same,,,
măa,玛,literary,,,
măa,麻,literary,,,
mâa,□,colloquial,"maafúan ""麻番""(晚上)",,
fáa,花,literary,,,
faa,化,literary,,,
wáa,□,colloquial,FP,,
waa,□,colloquial,FP,,
waa,画,literary,,,
waa,话,literary,,,
wăa,我,colloquial,,,
wâa,画,colloquial,,,
wâa,□,colloquial,FP,,
wâa,华,literary,,,
faa,茶,colloquial,,,
tăa,打,literary,,,
tháa,□,colloquial,"tháathîaw ""他调"" (试比较福方""客游""?)",,
náa,瘌,colloquial,(疤),,
náa,□,colloquial,FP,,
naa,□,colloquial,FP,,
naa,□,colloquial,"naakáaq ""拿更""(关系)",,
naa,□,colloquial,naahaaj (怎样),,
naa,□,colloquial,naasi (但是),,
nàa,□,colloquial,(叹词),,
năa,□,colloquial,(năanŏnsíaw),,
nâa,□,colloquial,(nâansi),,
nâa,□,colloquial,(nâanáaj) (对老年妇女的尊称),,
láa,□,colloquial,(FP),,
láa,拉,literary,,,
laa,拉,colloquial,(laachùt níaw “拉出尿”),,
lâa,拉,colloquial,(lâanîaw),,
lâa,□,colloquial,(□□横),,
cáa,□,colloquial,(才直到),,
cáa,□,colloquial,(FP) (才?),,
caa,柴,colloquial,,,
caa,乍,literary,,,
caa,诈,literary,,,
càa,诈,colloquial,,,
căa,早,colloquial,,,
cháa,叉,colloquial,,,
cháa,差,same,(=),,
chaa,查,colloquial,,,
chaa,柴,colloquial,,,
chăa,炒,colloquial,,,
châa,茶,literary,,,
châa,查,literary,,,
sáa,纱,colloquial,,,
sáa,沙,literary,(=l:),,
săa,酒,literary,,,
jaa,移,colloquial,,,
jaa,夜,literary,,,
jăa,椅,colloquial,,,
jăa,也,same,(=野=),,
jăa,惹,same,(=),,
jâa,夜,colloquial,,,
káa,价,colloquial,(家 tàwkáa),,
kaa,□,colloquial,(kaalaawwaaq),,
kàa,教,colloquial,,,
kàa,假,colloquial,,,
kàa,架,colloquial,,,
kàa,嫁,colloquial,,,
kăa,假,colloquial,,,
kâa,咬,colloquial,,,
kháa,□,colloquial,(脚) (见福方“胶”、“脚”?),,
qaa,衙,colloquial,,,
qaa,牙,colloquial,,,
qaa,鸦,colloquial,(每月初二、十六的祭祀),,
qaa,讶,literary,,,
qăa,瓦,literary,,,
qâa,衡,literary,,,
qâa,牙,literary,,,
?áa,亚,colloquial,(□ FP),,
?áa,丫,same,(=鸦=),,
?aa,□,colloquial,(FP,吓=(用于某些可否定词后，指短促时间)),
?aa,□,colloquial,(?aasi(或是)),,
?aa,拗,colloquial,(症=),,
?âa,下,colloquial,,,
háa,□,colloquial,(叹词),,
háa,虾,literary,,,
haa,虾,colloquial,,,
haa,下,literary,,,
haa,夏,literary,,,
haa,暇,literary,,,
hăa,吓,literary,,,
hâa,夏,colloquial,,,
hâa,霞,literary,,,
kwáa,瓜,literary,,,
kwaa,挂,literary,,,
kwaa,卦,literary,,,
kwăa,寡,colloquial,(=),,
khwáa,夸,literary,,,
píw,票,literary,,,
pĭw,表,literary,,,
phíw,飘,literary,,,
phiw,漂,literary,,,
phîw,瓢,literary,,,
miw,庙,literary,,,
miw,妙,literary,,,
mĭw,蔑,colloquial,,,
mîw,苗,literary,,,
tíw,刁,literary,,,
tiw,吊,literary,,,
tiw,钓,literary,,,
tiw,调,literary,,,
tiw,掉,literary,,,
tîw,稻,colloquial,,,
tîw,住,colloquial,,,
thíw,挑,literary,,,
thíw,条,literary,,,
thiw,调,literary,,,
thiw,跳,literary,,,
thîw,跳,literary,,,
nĭw,纽,colloquial,,,
nĭw,鸟,literary,,,
liw,刘,colloquial,,,
liw,料,literary,,,
lĭw,了,literary,,,
lîw,辽,colloquial,,,
lîw,燎,literary,(=l:),,
lîw,聊,literary,,,
cíw,周,colloquial,,,
cíw,州,colloquial,,,
cíw,朝,colloquial,(=),,
cíw,招,literary,,,
cíw,焦,literary,,,
cíw,椒,literary,,,
ciw,□,colloquial,(mìciw (眼)) (见福方“目”),,
tew,条,colloquial,,,
tèw,钓,colloquial,,,
têw,调,colloquial,,,
paw,报,literary,,,
paw,暴,literary,,,
păw,剖,colloquial,,,
păw,保,literary,,,
păw,宝,literary,,,
phăw,抱,literary,,,
phâw,袍,literary,,,
maw,谋,colloquial,,,
maw,谬,colloquial,(=),,
màw,某,colloquial,,,
màw,牡,same,(=),,
màw,亩,literary,(=l:),,
mâw,毛,literary,,,
mâw,谋,literary,,,
faw,浮,colloquial,,,
faw,阜,colloquial,(=),,
făw,否,literary,,,
fâw,浮,literary,,,
kiw,求,colloquial,,,
kiw,矫,literary,,,
kiw,叫,literary,,,
khíw,乔,literary,,,
qĭw,绕,literary,,,
qĭw,缴,literary,,,
qĭw,邀,literary,,,
qîw,尧,colloquial,(=),,
?íw,忧,colloquial,,,
?íw,腰,literary,,,
?iw,油,colloquial,,,
?iw,柔,colloquial,,,
?iw,要,literary,,,
?iw,耀,literary,,,
?ìw,幼,colloquial,,,
?ìw,要,colloquial,,,
?ĭw,友,colloquial,,,
?ĭw,妖,same,(=),,
?îw,右,colloquial,,,
?îw,窑,literary,,,
?îw,摇,literary,,,
?îw,饶,literary,,,
hĭw,晓,colloquial,,,
cĕw,小,colloquial,,,
cĕw,雀,colloquial,,,
cĕw,鸟,colloquial,,,
chéw,抽,colloquial,,,
chèw,笑,colloquial,,,
thaw,透,literary,,,
thăw,唞,literary,(休息),,
thăw,焘,colloquial,(=),,
thăw,讨,literary,,,
thâw,陶,colloquial,,,
thâw,头,literary,(=l:),,
thâw,投,literary,,,
náw,怒,colloquial,,,
năw,脑,literary,,,
năw,钮,literary,,,
law,缕,literary,,,
lăw,柳,colloquial,,,
lăw,老,literary,(=l:),,
lăw,楼,literary,,,
lâw,劳,literary,,,
lâw,牢,literary,,,
lâw,楼,literary,,,
lâw,娄,literary,,,
lâw,流,literary,,,
lâw,刘,literary,,,
cĭw,酒,colloquial,,,
cĭw,帚,same,(=),,
cîw,袖,colloquial,,,
chíw,秋,colloquial,,,
chíw,超,colloquial,,,
chíw,昭,literary,(=l:),,
chiw,肖,literary,,,
chĭw,丑,colloquial,,,
chĭw,首,colloquial,,,
chĭw,手,colloquial,,,
chîw,樵,literary,,,
síw,羞,colloquial,,,
síw,收,colloquial,,,
síw,烧,literary,,,
síw,梢,literary,,,
síw,宵,literary,,,
síw,笑,literary,,,
síw,消,literary,,,
síw,霄,literary,,,
siw,少,literary,,,
siw,绍,literary,,,
sĭw,守,colloquial,,,
sĭw,小,literary,,,
sîw,寿,colloquial,,,
sîw,受,colloquial,,,
kíw,骄,literary,,,
lew,燎,colloquial,,,
lĕw,了,colloquial,,,
lêw,料,colloquial,,,
táw,刀,literary,,,
taw,道,literary,,,
taw,稻,literary,,,
taw,盗,literary,,,
tàw,到,colloquial,(或可用),,
tàw,□,colloquial,(于 tàwkáa “到家”，现在),,
tăw,斗,literary,,,
tăw,倒,literary,,,
tháw,偷,literary,,,
cáw,周,colloquial,,,
cáw,遭,literary,,,
cáw,州,literary,,,
cáw,舟,literary,,,
caw,绉,same,,,
caw,阜,literary,,,
caw,凑,literary,,,
caw,昼,literary,,,
caw,就,literary,,,
caw,袖,literary,,,
cǎw,枣,literary,,,
cǎw,早,literary,,,
cǎw,走,literary,,,
cǎw,酒,literary,,,
câw,就,colloquial,,,
cháw,臭,colloquial,,,
cháw,操,same,,,
cháw,抽,literary,,,
cháw,秋,literary,,,
chaw,酬,colloquial,,,
chaw,雠,same,,,
chaw,造,literary,,,
chǎw,丑,colloquial,,,
chǎw,醜,colloquial,,,
chǎw,草,literary,,,
châw,曹,same,,,
châw,酬,literary,,,
châw,雠,literary,,,
châw,筹,literary,,,
sáw,修,same,,,
sáw,收,literary,,,
sáw,羞,literary,,,
saw,愁,colloquial,,,
saw,嗽,same,,,
saw,兽,same,,,
saw,秀,same,,,
saw,扫,literary,,,
saw,瘦,literary,,,
saw,寿,literary,,,
saw,受,literary,,,
saw,售,literary,,,
sǎw,嫂,literary,,,
sǎw,叟,literary,,,
sǎw,守,literary,,,
sǎw,首,literary,,,
sǎw,手,literary,,,
sǎw,艘,literary,,,
sâw,愁,literary,,,
jáw,腰,colloquial,,,
jáw,休,same,,,
jáw,优,same,,,
jáw,幽,same,,,
jáw,丘,literary,,,
jáw,忧,literary,,,
jaw,又,literary,,,
jaw,右,literary,,,
jaw,幼,literary,,,
jaw,诱,literary,,,
jǎw,友,literary,,,
jǎw,有,literary,,,
jâw,又,colloquial,,,
jâw,佑,colloquial,,,
jâw,邮,same,,,
jâw,由,same,,,
jâw,油,literary,,,
jâw,柔,literary,,,
jâw,游,literary,,,
káw,高,literary,,,
kaw,究,same,,,
kaw,告,literary,,,
kàw,彀,colloquial,,,
kàw,构,colloquial,,,
kàw,救,colloquial,,,
kàw,旧,colloquial,,,
kǎw,狗,literary,,,
kǎw,九,literary,,,
kǎw,韭,literary,,,
kǎw,久,literary,,,
khaw,□,colloquial,(蹲),,
khaw,叩,literary,,,
khaw,釦,literary,,,
khàw,叩,colloquial,,,
khàw,釦,colloquial,,,
khǎw,舅,literary,,,
khâw,求,literary,,,
khâw,裘,literary,,,
qáw,钩,same,,,
qaw,熬,literary,,,
qaw,傲,literary,,,
qǎw,偶,same,,,
qâw,傲,same,,,
qâw,敖,literary,,,
qâw,牛,literary,,,
?áw,殴,same,,,
?aw,袄,literary,,,
?ǎw,呕,same,,,
haw,耗,same,,,
haw,号,literary,,,
haw,厚,literary,,,
haw,后,literary,,,
haw,候,literary,,,
hǎw,好,literary,,,
hǎw,□,literary,?inhǎw (然后),,
hâw,候,colloquial,,,
hâw,后,colloquial,,,
hâw,猴,same,,,
hâw,候,same,,,
hâw,豪,literary,,,
hâw,喉,literary,,,
píaw,票,colloquial,,,
pǐaw,表,colloquial,,,
phíaw,飘,colloquial,,,
phiaw,瓢,colloquial,,,
phìaw,漂,colloquial,,,
míaw,苗,colloquial,,,
mîaw,庙,colloquial,,,
mîaw,妙,colloquial,,,
tíaw,刁,colloquial,,,
tiaw,巢,colloquial,,,
tiaw,跳,colloquial,,,
tîaw,佳,colloquial,,,
thíaw,挑,colloquial,,,
thíaw,刺,colloquial,,,
thîaw,□,colloquial,"tháathîaw ""他调"" (试比较福方""客游"") (玩)",,
cìaw,照,colloquial,,,
chiaw,朝,colloquial,,,
chiaw,兆,colloquial,,,
chiaw,□,colloquial,(羞耻),,
chìaw,树,colloquial,,,
chîaw,潮,colloquial,,,
síaw,烧,colloquial,,,
síaw,宵,colloquial,,,
síaw,消,colloquial,,,
sǐaw,小,colloquial,,,
sǐawsím,,colloquial,"留心"" (小心)",,
sǐawpîan,,colloquial,(小便),,
kíaw,骄,colloquial,,,
kíaw,娇,colloquial,,,
kiaw,桥,colloquial,,,
kǐaw,叫,colloquial,,,
kǐaw,救,colloquial,,,
kìaw,韭,colloquial,,,
kîaw,轿,colloquial,,,
qiaw,摇,colloquial,,,
híaw,休,colloquial,,,
híaw,丘,colloquial,,,
hǐaw,晓,colloquial,,,
níaw,尿,colloquial,,,
cíaw,焦,colloquial,,,
cíaw,招,colloquial,,,
cíaw,椒,colloquial,,,
cǐaw,少,colloquial,,,
páaw,包,same,,,
paaw,刨,colloquial,,,
pháaw,抛,colloquial,,,
phaaw,砲,literary,,,
phaaw,炮,literary,,,
phàaw,砲,colloquial,,,
phàaw,炮,colloquial,,,
phǎaw,跑,same,,,
phâaw,炮,colloquial,,,
máaw,猫,colloquial,,,
maaw,茅,colloquial,,,
maaw,锚,colloquial,,,
maaw,貌,literary,,,
mǎaw,亩,colloquial,,,
mâaw,貌,colloquial,,,
mâaw,茅,literary,,,
taaw,投,colloquial,,,
taaw,□,colloquial,qia?taaw (芦兜),,
tàaw,到,colloquial,"[或可用 于 tàawkáa ""到家"" (试比较粤方""而家"")","现在 (另见 tàawkáa) 和 tàawkáa ""日到? "" (中午",下午) ] 窦
tǎaw,斗,colloquial,,,
tâaw,豆,colloquial,,,
tháaw,偷,colloquial,,,
thaaw,头,colloquial,,,
thaaw,□,colloquial,"cáajthaaw ""知□""(知道)",,
thaaw,□,colloquial,"?i'thaaw ""意□"" (主意; 想法)",,
thâaw,□,colloquial,"thâawkhî ""头? 起""(站起; 起来)",,
naaw,饶,literary,,,
naaw,朽,literary,,,
nâaw,闹,colloquial,,,
láaw,□,colloquial,"láawmǔaj ""□尾"" (后面)",,
laaw,流,colloquial,,,
laaw,留,colloquial,,,
laaw,遛,colloquial,,,
laaw,楼,colloquial,,,
laaw,老,colloquial,(用于姓氏前),,
laaw,□,colloquial,"kaalaawwaaq ""□□横"" (横着)",,
lâaw,老,colloquial,,,
lâaw,留,colloquial,,,
lâawsím,,colloquial,留心 (小心),,
lǎawchîi,,colloquial,老鼠,,
caaw,走,colloquial,,,
caaw,罩,literary,,,
caaw,奏,literary,,,
cǎaw,走,colloquial,,,
cǎaw,爪,same,,,
cǎaw,找,literary,,,
câaw,罩,colloquial,,,
cháaw,抄,same,,,
chǎaw,草,colloquial,,,
châaw,巢,literary,,,
sàaw,扫,colloquial,,,
sǎaw,稍,same,,,
káaw,交,same,,,
káaw,胶,same,,,
kaaw,教,literary,,,
kǎaw,九,colloquial,,,
kǎaw,狗,colloquial,,,
kǎaw,饺,colloquial,,,
kâaw,厚,colloquial,,,
kháaw,敲,same,,,
kháaw,敌,same,,,
khàaw,□,colloquial,哭? (哭泣; 流泪),,
khǎaw,□,colloquial,"kǔakhǎaw ""港口""",,
khǎaw,巧,same,,,
qaaw,肴,colloquial,,,
qǎaw,咬,literary,,,
?aaw,埃,colloquial,,,
?ǎaw,拗,literary,,,
?âaw,后,colloquial,,,
haaw,孝,literary,,,
haaw,效,literary,,,
haaw,効,literary,,,
hàaw,孝,colloquial,,,
hàaw,郊,colloquial,,,
hàaw,効,colloquial,,,
hǎaw,考,same,,,
púj,背,colloquial,,,
puj,肥,colloquial,,,
puj,贝,literary,,,
puj,辈,literary,,,
puj,背,literary,,,
phuj,配,literary,,,
phuj,个,literary,,,
phǔj,信,literary,,,
phûj,陪,literary,,,
múj,妹,colloquial,(试比较 mùaj) (尤其用于 ?aamúj “亚妹”当中，用以称呼年轻女孩),,
muj,妹,literary,,,
muj,昧,literary,,,
mǔj,每,literary,,,
mûj,玫,same,,,
mûj,煤,literary,,,
mûj,媒,literary,,,
mûj,梅,literary,,,
fúj,魁,same,,,
fúj,灰,literary,,,
fuj,悔,literary,,,
fuj,梅,literary,,,
fuj,徊,literary,,,
fùj,费,colloquial,,,
fùj,肺,colloquial,,,
fûj,回,literary,,,
túj,堆,literary,,,
tuj,对,literary,,,
tuj,队,literary,,,
tuj,兑,literary,,,
tùj,对,colloquial,,,
tùj,队,colloquial,,,
tûj,坠,colloquial,,,
thúj,推,literary,,,
thuj,锤,colloquial,,,
thuj,退,literary,,,
thûj,颓,literary,,,
lûj,累,colloquial,,,
lûj,类,colloquial,,,
lûj,雷,literary,,,
cúj,追,colloquial,,,
cúj,槌,colloquial,,,
cúj,锥,colloquial,,,
cuj,随,colloquial,,,
cuj,罪,literary,,,
cùj,醉,colloquial,,,
cǔj,水,colloquial,,,
cǔj,□,colloquial,tuacǔj “大？水？” (祭祀时的焚化用纸),,
cûj,赘,colloquial,,,
cûj,罪,colloquial,,,
chúj,吹,colloquial,,,
chúj,炊,colloquial,,,
chúj,催,same,,,
chuj,槌,colloquial,,,
chuj,随,colloquial,,,
chùj,嘴,colloquial,,,
chûj,翠,colloquial,,,
súj,虽,colloquial,,,
súj,衰,colloquial,,,
suj,衰,colloquial,,,
suj,粹,literary,,,
sùj,碎,colloquial,,,
sûj,粹,colloquial,,,
kǔj,龟,colloquial,,,
kǔj,归,colloquial,,,
kùj,贵,colloquial,,,
kǔj,几,colloquial,,,
kǔj,鬼,colloquial,,,
kûj,柜,colloquial,,,
kûj,跪,colloquial,,,
khúj,开,colloquial,,,
khúj,规,colloquial,,,
khuj,葵,colloquial,,,
khùj,气,colloquial,,,
?uj,为,colloquial,,,
?uj,围,colloquial,,,
?uj,会,literary,,,
?ùj,□,colloquial,(畏?) 不喜欢,觉得过分,
?ûj,位,colloquial,,,
?ûj,为,colloquial,,,
tój,堆,colloquial,,,
toj,抬,colloquial,,,
toj,待,literary,,,
toj,代,literary,,,
tòj,□,colloquial,(地方),,
tòj,□,colloquial,(哪一个) tòjkáa “□家”,,
tǒj,短,colloquial,(哪一家),,
tôj,待,colloquial,,,
tôj,代,colloquial,,,
thój,推,colloquial,,,
thój,胎,same,,,
thoj,台,colloquial,,,
thòj,退,colloquial,,,
thǒj,怠,literary,,,
thǒj,殆,literary,,,
thôj,抬,literary,,,
thôj,台,literary,,,
noj,内,same,,,
noj,耐,literary,,,
noj,奈,literary,,,
nôj,耐,colloquial,,,
nôj,奈,colloquial,,,
lôj,来,literary,,,
cój,灾,same,,,
cój,栽,literary,,,
coj,材,colloquial,,,
coj,裁,colloquial,,,
coj,财,colloquial,,,
coj,在,literary,,,
coj,再,literary,,,
cǒj,采,colloquial,,,
côj,再,colloquial,,,
choj,菜,literary,,,
choj,虽,literary,,,
chǒj,彩,same,,,
chôj,材,literary,,,
chôj,裁,literary,,,
qoj,碍,literary,,,
qoj,外,literary,,,
soj,赛,literary,,,
sòj,赛,colloquial,,,
sôj,坐,colloquial,,,
kój,该,literary,,,
kój,皆,literary,,,
kój,阶,literary,,,
kǒj,改,same,,,
khoj,概,literary,,,
khoj,盖,literary,,,
khoj,丐,literary,,,
khòj,概,colloquial,,,
khòj,盖,colloquial,,,
qôj,碍,literary,,,
?ój,哀,literary,,,
?oj,爱,literary,,,
?oj,嫒,literary,,,
?òj,爱,colloquial,,,
hój,开,literary,,,
hoj,害,literary,,,
hǒj,海,same,,,
hôj,孩,literary,,,
paj,闭,literary,,,
paj,敝,literary,,,
pháj,批,literary,,,
maj,埋,colloquial,(埋藏),,
maj,迷,colloquial,,,
mǎj,米,literary,,,
mâj,迷,literary,,,
fáj,挥,same,,,
fáj,麾,literary,,,
faj,废,same,,,
faj,费,literary,,,
faj,肺,literary,,,
faj,吠,literary,,,
wáj,歪,colloquial,,,
wáj,威,same,,,
waj,慰,same,,,
waj,慧,same,,,
waj,惠,same,,,
waj,卫,same,,,
waj,畏,literary,,,
waj,谓,literary,,,
waj,位,literary,,,
waj,倭,literary,,,
waj,为,literary,,,
waj,胃,literary,,,
wàj,□,colloquial,“我们”,,
wǎj,委,same,,,
wǎj,讳,same,,,
wâj,违,literary,,,
wâj,帷,literary,,,
wâj,维,literary,,,
wâj,遗,literary,,,
wâj,惟,literary,,,
wâj,唯,literary,,,
wâj,为,literary,,,
taj,帝,literary,,,
taj,第,literary,,,
thaj,梯,literary,,,
thaj,替,literary,,,
thǎj,体,literary,,,
thâj,题,literary,,,
thâj,提,literary,,,
nàj,□,colloquial,(单指量词，用法类似粤方“啲”),,
nâj,尼,literary,,,
nâj,泥,literary,,,
laj,累,literary,,,
laj,类,literary,,,
laj,泪,literary,,,
laj,戾,literary,,,
laj,丽,literary,,,
laj,例,literary,,,
lǎj,礼,literary,,,
cáj,挤,literary,,,
cáj,追,literary,,,
cáj,锥,literary,,,
cáj,槌,literary,,,
caj,剂,same,,,
caj,滞,same,,,
caj,醉,literary,,,
caj,济,literary,,,
caj,制,literary,,,
caj,祭,literary,,,
caj,际,literary,,,
caj,最,literary,,,
caj,坠,literary,,,
caj,赘,literary,,,
tàj,□,colloquial,(哪里) thúqtàj “通□” (到处),,
càj,□,colloquial,(这些，用法类似粤方“呢啲”),,
cǎj,仔,colloquial,(小后缀),,
cháj,妻,literary,,,
cháj,吹,literary,,,
chaj,翠,literary,,,
chaj,揣,literary,,,
châj,齐,literary,,,
châj,锤,literary,,,
châj,缒,literary,,,
châj,髓,literary,,,
châj,随,literary,,,
sáj,虽,literary,,,
sáj,西,literary,,,
saj,帅,literary,,,
saj,遂,literary,,,
saj,穗,literary,,,
saj,婿,literary,,,
saj,细,literary,,,
saj,世,literary,,,
saj,势,literary,,,
saj,誓,literary,,,
saj,税,literary,,,
saj,岁,literary,,,
saj,衰,literary,,,
saj,睡,literary,,,
saj,瑞,literary,,,
sǎj,水,literary,,,
sâj,谁,literary,,,
sâj,垂,literary,,,
jaj,锐,literary,,,
jǎj,乳,same,,,
káj,龟,literary,,,
káj,鸡,literary,,,
káj,笄,literary,,,
kaj,继,literary,,,
kaj,计,literary,,,
kǎj,启,same,,,
kháj,溪,same,,,
qaj,诣,literary,,,
qaj,艺,literary,,,
qàj,□,colloquial,(于是; 就这样。用法类似粤方“噉”),,
qǎj,蚁,literary,,,
qâj,危,same,,,
?áj,□,colloquial,(单指量词，用法类似粤语“啲”),,
?áj,□,colloquial,(感叹词),,
?aj,缢,literary,,,
?àj,缢,colloquial,,,
hàj,□,colloquial,(那里),,
hâj,奚,literary,,,
kwáj,闺,same,,,
kwáj,归,literary,,,
kwáj,晚,colloquial,,,
kwaj,瑰,same,,,
kwaj,贵,literary,,,
kwaj,柜,colloquial,,,
kwǎj,诡,same,,,
kwǎj,鬼,literary,,,
khwáj,规,literary,,,
khwáj,亏,literary,,,
khwaj,□,colloquial,(差劲),,
khwaj,愧,literary,,,
khwâj,葵,literary,,,
khwâj,揆,literary,,,
púaj,飞,colloquial,,,
puaj,杯,colloquial,,,
pùaj,背,colloquial,,,
pùaj,贝,colloquial,,,
pùaj,辈,colloquial,,,
phuaj,皮,colloquial,,,
phuaj,脾,colloquial,,,
phuaj,陪,colloquial,,,
phuaj,沛,literary,,,
phuaj,旆,literary,,,
phùaj,配,colloquial,,,
phùaj,佩,colloquial,,,
phǔaj,倍,colloquial,,,
phûaj,被,colloquial,,,
phûaj,□,colloquial,(肉、菜、食物等，用法类似粤方“餸”),,
muaj,梅,colloquial,,,
muaj,煤,colloquial,,,
mùaj,妹,colloquial,,,
mǔaj,尾,colloquial,,,
mǔaj,每,colloquial,,,
mûaj,未,colloquial,,,
fúaj,灰,colloquial,,,
fuaj,回,colloquial,,,
fǔaj,火,colloquial,,,
fǔaj,伙,colloquial,,,
fûaj,会,colloquial,,,
chúaj,吹,colloquial,,,
chúaj,炊,colloquial,,,
sùaj,岁,colloquial,,,
sùaj,税,colloquial,,,
kǔaj,果,colloquial,,,
kǔaj,菓,colloquial,,,
kǔaj,裏,colloquial,,,
khúaj,亏,colloquial,,,
khùaj,块,colloquial,,,
khǔaj,□,colloquial,(襜，跪拜),,
paaj,拜,literary,,,
paaj,稗,literary,,,
paaj,败,literary,,,
pàaj,拜,colloquial,,,
pǎaj,摆,same,,,
phaaj,派,literary,,,
phàaj,派,colloquial,,,
phâaj,排,literary,,,
phâaj,牌,literary,,,
maaj,卖,literary,,,
mǎaj,买,colloquial,,,
mâaj,埋,literary,,,
faaj,块,literary,,,
faaj,快,literary,,,
waaj,坏,literary,,,
wâaj,坏,colloquial,,,
wâaj,怀,literary,,,
taaj,戴,literary,,,
taaj,带,literary,,,
taaj,大,literary,,,
tháaj,梯,colloquial,,,
tháaj,□,colloquial,kǐaqtháaj “颈太”(领带),,
thaaj,泰,literary,,,
thaaj,太,literary,,,
thàaj,太,colloquial,,,
thâaj,□,colloquial,(见福方“创”)(屠宰),,
náaj,奶,colloquial,(对老年妇女的尊称),,
nàaj,□,colloquial,(累; 困顿),,
nǎaj,□,colloquial,nǐan nǎajnǎaj “软□□” (非常软),,
láaj,𡥧,colloquial,(最小的孩子),,
láaj,拉,same,,,
laaj,雷,colloquial,,,
laaj,赖,same,,,
cáaj,知,colloquial,,,
cáaj,齐,literary,,,
cáaj,钗,literary,,,
càaj,载,colloquial,,,
cháaj,搓,colloquial,(揉捏),,
chaaj,豺,colloquial,,,
chàaj,菜,colloquial,,,
chǎaj,柴,literary,,,
chǎaj,豺,literary,,,
saaj,脐,literary,,,
saaj,晒,literary,,,
sàaj,壆,colloquial,,,
sàaj,嘥,colloquial,(用于可否定词后，表示动作完整性),,
sǎaj,使,colloquial,(兼有“需要”、“必须”的意义),,
káaj,该,colloquial,,,
káaj,□,colloquial,(鸡嗉),,
káaj,楷,literary,,,
káaj,佳,literary,,,
káaj,街,literary,,,
kaaj,戒,literary,,,
kaaj,介,literary,,,
kaaj,界,literary,,,
kàaj,戒,literary,,,
kàaj,骱,literary,(裁切),,
kǎaj,解,literary,,,
qaaj,艾,same,,,
qâaj,涯,literary,,,
?âaj,挨,literary,,,
?ǎaj,矮,literary,,,
haaj,□,colloquial,naahaaj (怎样),,
hǎaj,解,literary,,,
hâaj,害,colloquial,,,
hâaj,孩,literary,,,
kwaaj,怪,literary,,,
kwàaj,怪,colloquial,,,
khwaaj,□,colloquial,(坏),,
?m,□,colloquial,(是的),,
?m,唔,colloquial,(不),,
tǐm,点,literary,,,
tîm,浸,colloquial,,,
thím,添,literary,,,
thîm,甜,literary,,,
nim,念,literary,,,
lim,敛,literary,,,
lîm,奁,literary,,,
lîm,镰,literary,,,
cím,沾,literary,,,
cím,占,literary,,,
cím,粘,literary,,,
cím,尖,literary,,,
cim,渐,literary,,,
cìm,渐,colloquial,,,
cǐm,枕,colloquial,,,
chím,深,colloquial,,,
chîm,潜,colloquial,,,
sím,心,colloquial,,,
sǐm,闪,literary,,,
sîm,禅,literary,,,
sîm,蝉,literary,,,
kím,金,colloquial,,,
kím,兼,literary,,,
kim,俭,colloquial,,,
kìm,禁,colloquial,,,
kǐm,捡,literary,,,
kǐm,检,literary,,,
kîm,钳,literary,,,
qim,严,colloquial,,,
qim,验,literary,,,
qǐm,饮,colloquial,,,
qǐm,染,literary,,,
qîm,任,colloquial,,,
qîm,赁,colloquial,,,
qîm,严,literary,,,
?ím,音,colloquial,,,
?ím,阴,colloquial,,,
?ím,阉,literary,,,
?ím,腌,literary,,,
?im,厌,literary,,,
?îm,炎,same,,,
?îm,盐,literary,,,
hím,谦,colloquial,,,
him,欠,literary,,,
hǐm,险,literary,,,
hîm,嫌,literary,,,
tém,砧,colloquial,,,
tem,甜,colloquial,,,
tèm,店,colloquial,,,
těm,点,colloquial,,,
têm,掂,colloquial,括?otêm“一 掂” (直接),,
them,沉,colloquial,,,
nêm,念,colloquial,,,
cém,针,colloquial,,,
cém,沾,colloquial,,,
cèm,占,colloquial,,,
chem,蚕,colloquial,,,
kem,咸,colloquial,,,
kěm,减,colloquial,,,
?em,嫌,colloquial,,,
hèm,喊,colloquial,,,
tám,泵,colloquial,,,
tăm,揼,colloquial,(扔下),,
lám,□,colloquial,hí lamlám “稀□□”(稀琳琳,很稀薄),
lam,□,colloquial,hí lamlám “稀琳琳”(稀琳琳,很稀薄),
lamhkam,□,colloquial,“临擒”（一种糕点）,,
lâm,林,literary,,,
lâm,淋,literary,,,
lâm,临,literary,,,
cám,惨,colloquial,,,
cám,砧,literary,,,
cám,针,literary,,,
cam,浸,literary,,,
căm,枕,literary,,,
căm,怎,literary,,,
cham,寝,colloquial,,,
châm,寻,literary,,,
sám,□,colloquial,sámmánkĭan (小孩)(试比较粤语“细纹仔”),,
sám,森,same,l: 深 心,,
sám,深,literary,,,
sám,心,literary,,,
sam,甚,same,,,
săm,沈,same,l: 审,,
săm,审,literary,,,
jám,音,literary,,,
jám,阴,literary,,,
jam,吟,colloquial,,,
jam,盐,colloquial,,,
jam,淫,colloquial,,,
jàm,餍,colloquial,,,
jàm,厌,colloquial,,,
jăm,饮,literary,,,
jâm,吟,literary,,,
jâm,淫,literary,,,
kám,甘,literary,,,
kám,今,literary,,,
kám,金,literary,,,
kam,□,colloquial,woqkamkâm “黄禽禽”(深黄色的),,
kăm,咸,same,l: 敢,,
kăm,感,same,l: 敢,,
kăm,敢,literary,,,
kâm,□,colloquial,woqkamkâm “黄禽禽”(深黄色的),,
kâm,感,same,l: 敢,,
kâm,敢,literary,,,
khám,堪,same,,,
kham,钳,colloquial,,,
kham,蟾,colloquial,khamlò “蟾蜍”(蜘蛛) 琴,,
kham,□,colloquial,lamkham “临擒”（一种糕点）,,
kham,欠,colloquial,,,
khâm,禽,same,l: 琴,,
khâm,琴,literary,,,
?ám,阉,colloquial,,,
?am,暗,literary,,,
?ăm,谙,literary,,,
hám,勘,same,l: 酣,,
hám,酣,literary,,,
hàm,喊,colloquial,pǐhàmhaam “蛙□□”（蝉鸣）,,
hâm,衔,colloquial,l: 含 咸,,
hâm,含,literary,,,
hâm,咸,literary,,,
qjam,任,literary,,,
qjam,赁,literary,,,
tǐam,点,colloquial,(点亮),,
tîam,□,colloquial,(满)(试比较福方“溢”),,
thíam,添,colloquial,,,
niam,黏,colloquial,,,
liam,奁,colloquial,,,
liam,镰,colloquial,,,
liam,临,colloquial,,,
lîam,敛,colloquial,,,
cíam,粘,colloquial,,,
cíam,尖,colloquial,,,
cìam,渐,colloquial,,,
siam,蝉,colloquial,,,
sǐam,闪,colloquial,,,
sǐam,审,colloquial,,,
kíam,兼,colloquial,,,
kíam,咸,colloquial,,,
kǐam,检,colloquial,,,
qǐam,染,colloquial,,,
qîam,验,colloquial,,,
hǐam,险,colloquial,,,
táam,担,colloquial,,,
taam,“蘸?”,colloquial,(点湿),,
tàam,淡,colloquial,,,
tháam,贪,same,,,
thaam,潭,colloquial,l: 探,,
thaam,探,literary,,,
thàam,探,colloquial,,,
thâam,谈,same,l: 潭,,
thâam,潭,literary,,,
naam,男,colloquial,,,
naam,南,colloquial,,,
nâam,男,literary,,,
nâam,南,literary,,,
laam,婪,colloquial,,,
laam,林,colloquial,,,
laam,蓝,colloquial,,,
laam,□,colloquial,taamlaamlâam (湿淋淋),,
lǎam,□,colloquial,cíalǎam “蔗? 榄?” (泛指零食),,
lâam,榄,colloquial,,,
lâam,□,colloquial,taamlaamlâam (湿淋淋) l: 婪 蓝,,
lâam,婪,literary,,,
lâam,蓝,literary,,,
cáam,簪,same,,,
caam,暂,literary,,,
caam,站,literary,,,
cǎam,斩,same,,,
cǎam,錾,same,,,
câam,站,colloquial,,,
câam,暂,colloquial,,,
cháam,参,same,,,
cháam,簪,same,,,
chǎam,惨,colloquial,,,
châam,蚕,literary,,,
châam,惭,literary,,,
sáam,三,same,,,
sáam,衫,same,,,
káam,甘,colloquial,,,
káam,兼,colloquial,,,
káam,监,same,,,
kaam,含,colloquial,,,
kaam,衔,colloquial,,,
kǎam,敢,colloquial,l: 减,,
kǎam,减,literary,,,
qáam,啱,same,,,
qaam,岩,colloquial,,,
qaam,□,colloquial,(池塘边),,
?áam,阉,colloquial,,,
?àam,暗,colloquial,,,
?ǎam,□,colloquial,(用于某些可否定词后,"类似粤方 ""嗯"")",
?âam,馅,colloquial,,,
haam,□,colloquial,pǐhàmhaam “蛙□□” (蝉鸣),,
haam,喊,literary,,,
haam,喊,colloquial,,,
hǎam,坎,colloquial,,,
hâam,咸,colloquial,,,
pín,鞭,literary,,,
pín,辨,literary,,,
pín,边,literary,,,
pin,变,literary,,,
pin,辨,literary,,,
pin,辩,literary,,,
pin,便,literary,,,
pǐn,贬,literary,,,
pǐn,扁,literary,,,
phín,蝙,same,l: 篇 偏 编 编,,
phín,篇,literary,,,
phín,偏,literary,,,
phín,编,literary,,,
phin,偏,literary,,,
phin,片,literary,,,
min,民,colloquial,l: 面,,
min,眠,colloquial,l: 面,,
min,面,literary,,,
mìn,面,literary,,,
mǐn,勉,same,l: 免,,
mǐn,免,literary,,,
mîn,绵,literary,,,
tín,颠,literary,,,
tín,端,literary,,,
tin,尘,colloquial,l: 电 断 段,,
tin,□,colloquial,(埋) l: 电 断 段,,
tin,电,literary,,,
tin,断,literary,,,
tin,段,literary,,,
tìn,凳,colloquial,,,
tǐn,典,literary,,,
tǐn,短,literary,,,
tîn,阵,colloquial,,,
thín,天,literary,,,
thín,屯,same,l: 田 团,,
thín,田,literary,,,
thín,团,literary,,,
nin,嫩,literary,,,
nǐn,暖,literary,,,
nîn,年,literary,,,
lin,鳞,colloquial,l: 练 乱 恋,,
lin,练,literary,,,
lin,乱,literary,,,
lin,恋,literary,,,
lîn,连,literary,,,
lîn,怜,literary,,,
cín,珍,colloquial,l: 煎 笺 专 蹲 砖,,
cín,真,colloquial,l: 煎 笺 专 蹲 砖,,
cín,尊,same,l: 煎 笺 专 蹲 砖,,
cín,煎,literary,,,
cín,笺,literary,,,
cín,专,literary,,,
cín,蹲,literary,,,
cín,砖,literary,,,
cin,升,colloquial,(容量单位) l: 战 贱 荐 钻 转,,
cin,战,literary,,,
cin,贱,literary,,,
cin,荐,literary,,,
cin,钻,literary,,,
cin,转,literary,,,
cìn,进,colloquial,,,
cǐn,展,literary,,,
cǐn,剪,literary,,,
cǐn,转,literary,,,
cîn,尽,colloquial,,,
chín,亲,colloquial,l: 韆 千 川 穿,,
chín,韆,literary,,,
chín,千,literary,,,
chín,川,literary,,,
chín,穿,literary,,,
chin,缠,literary,,,
chin,爨,literary,,,
chin,寸,literary,,,
chǐn,村,colloquial,,,
chǐn,浅,literary,,,
chǐn,喘,literary,,,
chǐn,忖,literary,,,
chîn,钱,literary,,,
chîn,传,literary,,,
chîn,痊,literary,,,
chîn,全,literary,,,
chîn,泉,literary,,,
chîn,存,literary,,,
sín,身,colloquial,,,
sín,新,colloquial,,,
sín,辛,colloquial,,,
sín,宣,same,,,
sín,仙,literary,,,
sín,先,literary,,,
sín,酸,colloquial,,,
sín,孙,colloquial,,,
sin,神,colloquial,,,
sin,绅,colloquial,,,
sin,臣,colloquial,,,
sin,□,colloquial,fusin (苍蝇),,
sin,羡,same,(见福方 “菩蝇”),,
sin,篆,same,,,
sin,扇,literary,,,
sin,煽,literary,,,
sin,善,literary,,,
sin,线,literary,,,
sin,算,literary,,,
sin,蒜,literary,,,
sìn,信,colloquial,,,
sǐn,选,literary,,,
sǐn,损,literary,,,
sîn,剩,colloquial,,,
sîn,晨,colloquial,,,
sîn,船,literary,,,
sîn,旋,colloquial,,,
kín,跟,colloquial,,,
kín,巾,colloquial,,,
kín,根,colloquial,,,
kín,斤,colloquial,,,
kín,筋,colloquial,,,
kín,坚,same,,,
kín,肩,literary,,,
kin,勤,colloquial,,,
kin,建,same,,,
kin,健,literary,,,
kin,见,colloquial,,,
kin,绢,colloquial,,,
kin,眷,colloquial,,,
kin,倦,colloquial,,,
kǐn,仅,colloquial,,,
kǐn,卷,literary,,,
kǐn,捲,literary,,,
kîn,近,colloquial,,,
?ìn,□,colloquial,“肫?”,,
?ìn,□,colloquial,(鸡的肝脏),,
khín,轻,colloquial,,,
khǐn,犬,literary,,,
khîn,虔,literary,,,
khîn,权,literary,,,
khîn,拳,literary,,,
qin,愿,literary,,,
qǐn,软,literary,,,
qîn,认,colloquial,,,
qîn,源,same,研,,
qîn,言,literary,元 原,,
?ín,因,colloquial,,,
?ín,烟,same,咽,,
?in,渊,colloquial,,,
?in,冤,colloquial,,,
?in,然,colloquial,?inhâw “然后” (以后),,
?in,葛,colloquial,?innûn “葛韧” (硬韧的),,
?in,宛,colloquial,,,
?in,县,literary,,,
?in,呒,literary,,,
?in,院,colloquial,,,
?in,苑,colloquial,,,
?in,怨,colloquial,,,
?in,应,colloquial,,,
?in,印,colloquial,,,
?in,引,colloquial,,,
?in,远,literary,,,
?in,员,colloquial,,,
?in,焉,literary,,,
?in,延,literary,,,
?in,筵,colloquial,,,
?in,然,colloquial,,,
?in,完,colloquial,,,
?in,丸,colloquial,,,
?in,铅,colloquial,,,
?in,缘,colloquial,,,
?in,沿,colloquial,,,
?in,圆,colloquial,,,
?in,园,colloquial,,,
?in,辕,colloquial,,,
hín,牵,literary,,,
hín,谊,literary,,,
hin,宪,literary,,,
hin,现,literary,,,
hin,劝,literary,,,
hǐn,遣,same,,,
hǐn,显,literary,,,
hîn,玄,same,,,
hîn,贤,literary,,,
hîn,弦,literary,,,
pen,边,colloquial,,,
pěn,版,colloquial,,,
men,蛮,colloquial,,,
mên,万,colloquial,,,
mên,慢,colloquial,,,
ten,陈,colloquial,,,
těn,典,colloquial,,,
then,虫,colloquial,,,
nén,□,colloquial,(试比较福方“乳”),,
len,怜,colloquial,,,
cěn,剪,colloquial,,,
chén,千,colloquial,,,
chen,田,colloquial,,,
sén,先,colloquial,,,
sen,前,colloquial,,,
sěn,□,colloquial,“瘦?” (试比较福方“瘆”),,
kén,间,colloquial,,,
kén,肩,colloquial,,,
ken,□,colloquial,(高) (试比较福方 “高”),,
kèn,间,colloquial,,,
kěn,拣,colloquial,,,
kên,县,colloquial,,,
khén,牵,colloquial,,,
qen,顽,colloquial,,,
qěn,眼,colloquial,,,
qên,雁,colloquial,,,
?en,闲,colloquial,,,
hen,还,colloquial,,,
pún,般,literary,,,
pún,搬,literary,,,
pun,半,literary,,,
pun,绊,literary,,,
pùn,粪,colloquial,,,
pǔn,本,literary,,,
pûn,盘,literary,,,
phún,潘,colloquial,,,
phun,判,literary,,,
phun,胖,literary,,,
phǔn,伴,literary,,,
phûn,盆,literary,,,
mun,闷,same,,,
mùn,问,colloquial,,,
mǔn,满,literary,,,
mûn,瞒,literary,,,
mûn,门,literary,,,
mûn,们,literary,,,
fún,纷,colloquial,,,
fún,宽,literary,,,
